study_id,margin_class_label,sev_norecord,record_change,monetary_only,incap_in_window,dui_specific,direction_sign,raw_rel_pct,reg_eligible,eligibility_reason,open_level,dagger_abs_snip,citation,conversion_note,note
Hansen_0.08,"Hansen margin (OOS target, coded in T0)",1.0,0.5,0.0,0,1,,,False,Hansen rows EXCLUDED from every fit (T3),FULL,False,,,short jail+suspension+treatment (sev); conviction changes only partly at 0.08 (rec=0.5); fines bundled; jail +3.84d in 4y window=no incap
Hansen_0.15,"Hansen margin (OOS target, coded in T0)",1.0,0.0,0.0,0,1,,,False,Hansen rows EXCLUDED from every fit (T3),FULL,False,,,"suspension +78.8d, jail +1.40d (sev); conviction already fixed above 0.08 (rec=0); no incap in 4y window"
defigueiredo2015_008_deter,"severity+partial record (DUI, 0.08)",1.0,0.5,0.0,0,1,-1.0,,False,FULL but pp effect exceeds vague ~1% base -> relative NA,FULL,False,de Figueiredo (2015) Ariz. St. L.J. 47:1017-1097,pp -1.3 on ~1% base not convertible to a sensible relative; sign only,
defigueiredo2015_015,"licence increment (DUI, 0.15)",1.0,0.0,0.0,0,1,0.0,,False,"range, no baseline -> NA",FULL,False,de Figueiredo (2015) Ariz. St. L.J. 47:1017-1097,"range -0.1..+0.6pp, imprecise null; sign only",
rahman2022,interlock technology (DUI),1.0,0.0,0.0,0,1,-1.0,,False,"ABS, pp no baseline",ABS,True,Rahman (2022) BOCSAR CJB251,"-3pp 2y post-removal, no baseline for a relative; sign only",
sloan2016_prosecution,prosecution record (DUI),0.0,1.0,0.0,0,1,-1.0,-6.6,True,verified ABS relative,ABS,True,"Sloan, Eldred, McCutchan & Platt (2016) SEJ 83(2):416-436","published relative -6.6% (prosecution vs not), SEJ2016 abstract",
sloan2016_conviction,conviction record (DUI),0.0,1.0,0.0,0,1,-1.0,-24.5,True,verified ABS relative,ABS,True,"Sloan, Eldred, McCutchan & Platt (2016) SEJ 83(2):416-436","published relative -24.5% (conviction|prosecuted), SEJ2016 abstract",
kilmer_midgette2020,swift-certain-modest testing+short jail (DUI),1.0,0.0,0.0,0,1,-1.0,-49.0,True,verified ABS relative,ABS,True,Kilmer & Midgette (2020) JPAM 39(3):801-834,published relative -49% re-arrest/revocation,
gehrsitz2017,automatic 1-month licence suspension (traffic),1.0,0.0,0.0,0,0,-1.0,-20.0,True,verified ABS relative,ABS,True,Gehrsitz (2017) J Law Econ 60(3):497-528,published relative -20%; authors attribute to deterrence not incap,
jansson2025,"prison length, intensive margin (DUI convicts)",1.0,0.0,0.0,0,1,-1.0,,False,"per-month slope, not single comparable total effect",FULL_intro,False,"Jansson, Pettersson-Lidbom, Priks & Tyrefors (2025) IFN WP 1536","-80% per MONTH of prison = dose slope, not a single total effect; sign only + T4",
suonpaa2021,suspended prison vs fine (DUI),1.0,0.0,0.0,0,1,0.0,,False,"no number, UNVERIFIED journal ver",ABS,True,"Suonpaa, Aaltonen, Savolainen, Tyni & Aaltonen (unpublished; NSFK blog 2021, OSF byta6)","'small, insignificant' null, no number; sign only",
agan2023,prosecution record (general misdemeanor),0.0,1.0,0.0,0,0,1.0,113.0,True,verified ABS; converted to harsher (prosecution) side,ABS,True,"Agan, Doleac & Harvey (2023) QJE 138(3):1453-1505",published -53% for NON-prosecution; harsher side=prosecution: 1/(1-0.53)-1=+113%,
dobbie2018,pretrial detention (general),1.0,0.0,0.0,1,0,0.0,,False,"no number, null",ABS,True,"Dobbie, Goldin & Yang (2018) AER 108(2):201-240","~0 net effect, no number; sign only",
leslie_pope2017,pretrial detention (general),1.0,0.0,0.0,1,0,1.0,,False,no number,ABS,True,Leslie & Pope (2017) J Law Econ 60(3):529-557,incapacitation offset by later higher recidivism (null-to-criminogenic); sign only,
rose_shemtov2021,incarceration extensive+intensive (general felony),1.0,0.0,0.0,1,0,-1.0,-44.0,True,verified ABS relative,ABS,True,Rose & Shem-Tov (2021) JPE 129(12):3302-3356,published relative -44% (3y); diminishing returns,
bhuller2020,incarceration extensive (general),1.0,0.0,0.0,1,0,-1.0,,False,"ABS, pp no baseline",ABS,True,"Bhuller, Dahl, Loken & Mogstad (2020) JPE 128(4):1269-1324","-29pp, no baseline for relative; sign only",
mueller_smith_schnepel2021,conviction record vs diversion (general felony),0.0,1.0,0.0,0,0,1.0,100.0,True,verified ABS; converted to harsher (conviction) side,ABS,True,Mueller-Smith & Schnepel (2021) REStud 88(2):883-936,diversion -50% -> harsher side=conviction: 1/(1-0.50)-1=+100% (record ~doubles reoffending),
humphries2025,conviction record + incarceration (general felony),0.5,1.0,0.0,1,0,1.0,,False,UNVERIFIED magnitudes (H8) -> sign only,FULL_intro,False,"Humphries, Ouss, Stavreva, Stevenson & van Dijk (2025) QJE 140(4):2907-2962",conviction: large lasting increase; UNVERIFIED point estimates; sign only,
finlay2024,fines/fees only (traffic+criminal),0.0,0.0,1.0,0,0,0.0,,False,"conviction-count bounds, not relative reoffending (H8) -> sign only",ABS,True,"Finlay, Gross, Lieberman, Luh & Mueller-Smith (2024) AER:Insights 6(4):490-508","bounds -0.001..0.01 annual CONVICTION COUNTS, no relative reoffending & no baseline; sign only",
huttunen_ladder,fines vs probation vs prison (general),1.0,0.5,1.0,0,0,1.0,,False,"mixed multi-margin, no single number",FULL_intro,False,"Huttunen, Kaila & Nix (WP, unpublished) The Punishment Ladder","mixed: fines raise, probation/prison lower; multi-margin, no single number; sign only (fines-class=criminogenic)",
