"threshold","coding","kernel","h","est_conv","se_conv","ci_rbc_lo","ci_rbc_hi","ci_conv_lo","ci_conv_hi"
0.08,"statutory","rectangular",0.01,-0.0158058719365507,0.00865825992000954,-0.0348346892537274,0.0196627961099415,-0.032775749548556,0.00116400567545464
0.08,"statutory","rectangular",0.012,-0.0165068431095813,0.00792540953137187,-0.0321825352384211,0.0167453982837613,-0.0320403603538007,-0.000973325865362012
0.08,"statutory","rectangular",0.014,-0.0141218194068536,0.00741522522105254,-0.0365124002022694,0.00858904680803615,-0.0286553937773696,0.000411754963662442
0.08,"statutory","rectangular",0.016,-0.0173149515202401,0.00694377751299152,-0.0294795785601047,0.0122966530232776,-0.0309245053623626,-0.00370539767811762
0.08,"statutory","rectangular",0.018,-0.0167805008507079,0.00657405656839279,-0.031935407965992,0.00748806625040696,-0.0296654149570867,-0.00389558674432902
0.08,"statutory","rectangular",0.02,-0.0168583890969601,0.00641733636469121,-0.0318291239184653,0.00654701476332811,-0.0294361372484341,-0.00428064094548611
0.08,"statutory","rectangular",0.022,-0.0188607681081827,0.00602402260379963,-0.0300315554277366,0.00568655509991761,-0.0306676354536852,-0.00705390076268025
0.08,"statutory","rectangular",0.024,-0.0195465400397635,0.00580668786395275,-0.029650370069496,0.00461045438770145,-0.0309274391225767,-0.00816564095695026
0.08,"statutory","rectangular",0.026,-0.0173739483705923,0.0056172484627823,-0.0332331073611112,-0.000191806099375743,-0.0283835530498586,-0.00636434369132602
0.08,"statutory","rectangular",0.028,-0.0178021153943254,0.00544579563632959,-0.0319771109876127,-8.29569442273165e-05,-0.0284756787086967,-0.00712855207995399
0.08,"statutory","rectangular",0.03,-0.0192613007388289,0.00529173826354956,-0.0300122731049669,0.000854560978260869,-0.0296329171509985,-0.00888968432665921
0.08,"statutory","rectangular",0.032,-0.0186940567889703,0.0051720292834336,-0.0312878651618213,-0.00121490888140065,-0.0288310479114866,-0.00855706566645394
0.08,"statutory","rectangular",0.034,-0.0184105341441078,0.00505489229082133,-0.0317155190346909,-0.00241282144170863,-0.0283179409798467,-0.00850312730836879
0.08,"statutory","rectangular",0.036,-0.0179071664329502,0.00494788702681627,-0.0324165369220023,-0.0038408684456355,-0.0276048468050831,-0.00820948606081738
0.08,"statutory","rectangular",0.038,-0.0176335143710715,0.00483554076102446,-0.0321008894595715,-0.004287786721891,-0.0271110001084548,-0.00815602863368816
0.08,"statutory","rectangular",0.04,-0.017170178225133,0.00475211753384154,-0.0323742353860688,-0.00509885264551647,-0.0264841574417637,-0.00785619900850227
0.08,"statutory","rectangular",0.042,-0.0180042356373465,0.00466918268848076,-0.0307830385925875,-0.0040504677038669,-0.0271556655440067,-0.00885280573068633
0.08,"statutory","rectangular",0.044,-0.0181268097005288,0.0045875839948308,-0.0303246227855763,-0.00412607935642059,-0.0271183091064495,-0.00913531029460801
0.08,"statutory","rectangular",0.046,-0.0194539728618046,0.00449513983807338,-0.0281482828008011,-0.00254366338027532,-0.0282642850498997,-0.0106436606737096
0.08,"statutory","rectangular",0.048,-0.0204620960413295,0.00442532761540724,-0.026952438488415,-0.00176605293836148,-0.0291355787873182,-0.0117886132953408
0.08,"statutory","rectangular",0.05,-0.0218452853146939,0.00434059154942959,-0.0252884336231598,-0.00061695070710442,-0.0303526884231748,-0.013337882206213
0.08,"statutory","rectangular",0.052,-0.0208868362406309,0.0042753237847369,-0.0272146475051499,-0.00290293866792842,-0.0292663168809627,-0.0125073556002991
0.08,"statutory","rectangular",0.054,-0.0213543734587663,0.00423892351166585,-0.0266733034886742,-0.00257526145030717,-0.0296625108748514,-0.0130462360426811
0.08,"statutory","rectangular",0.056,-0.0201130743439292,0.00417361546215136,-0.0291202047794266,-0.00540206734033216,-0.0282932103350654,-0.0119329383527931
0.08,"statutory","rectangular",0.058,-0.0204002718091718,0.00412497099875275,-0.0287238544270842,-0.00531531609254882,-0.0284850664039994,-0.0123154772143442
0.08,"statutory","rectangular",0.06,-0.020665230989579,0.00408413716915123,-0.0284579439400255,-0.00531591784789173,-0.0286699927490368,-0.0126604692301212
0.08,"statutory","rectangular",0.062,-0.020522602674849,0.0040359453070367,-0.0287374586973435,-0.00591584937147588,-0.0284329101202144,-0.0126122952294837
0.08,"statutory","rectangular",0.064,-0.0216625325267729,0.00398217868826479,-0.0271426932874319,-0.00469185622524663,-0.0294674593357749,-0.013857605717771
0.08,"statutory","rectangular",0.066,-0.0211443401701936,0.0039431385867343,-0.0281226661527135,-0.00592827646854022,-0.028872749786243,-0.0134159305541442
0.08,"statutory","rectangular",0.068,-0.0213984156115861,0.00390566222904505,-0.0279495922869071,-0.0060035966716051,-0.0290533729162928,-0.0137434583068793
0.08,"statutory","triangular",0.01,-0.0122076286249207,0.00974046857060904,-0.0433907118903637,0.0174714951893497,-0.0312985962158587,0.00688333896601738
0.08,"statutory","triangular",0.012,-0.013158400653323,0.0088487895942593,-0.0385305021044944,0.0155767544378741,-0.0305017095648441,0.00418490825819797
0.08,"statutory","triangular",0.014,-0.0139605987664616,0.00819104722435342,-0.0358250708330476,0.0134605005503564,-0.0300147563218611,0.00209355878893784
0.08,"statutory","triangular",0.016,-0.0138482681946597,0.00768042331914739,-0.0353313054505848,0.0103788094405634,-0.0289016212862102,0.00120508489689073
0.08,"statutory","triangular",0.018,-0.015028970356253,0.00725505359805185,-0.032276419850737,0.0104585337467045,-0.0292486141143424,-0.000809326598163639
0.08,"statutory","triangular",0.02,-0.0154990884550081,0.00689541298700397,-0.0316517106554749,0.00875308813630868,-0.0290138495680656,-0.00198432734195051
0.08,"statutory","triangular",0.022,-0.016188318833615,0.00659627024058573,-0.0307821814515605,0.00772391687960142,-0.0291167709374564,-0.00325986672977364
0.08,"statutory","triangular",0.024,-0.0167665484488631,0.00634364864063734,-0.0302679086409558,0.00663759661741918,-0.0291998713150887,-0.00433322558263742
0.08,"statutory","triangular",0.026,-0.0172891591961195,0.00612469588886351,-0.0298280046593959,0.0056641317230148,-0.0292933425545525,-0.00528497583768648
0.08,"statutory","triangular",0.028,-0.0172564315463863,0.0059326311581465,-0.0303533076653786,0.003895473755681,-0.0288841749499136,-0.00562868814285902
0.08,"statutory","triangular",0.03,-0.0174677161160394,0.00576069276910854,-0.0301949292559392,0.00293944840076205,-0.0287584664694925,-0.00617696576258638
0.08,"statutory","triangular",0.032,-0.0177267119062362,0.00560712906831083,-0.029968845232833,0.00217951812509626,-0.028716482936793,-0.00673694087567933
0.08,"statutory","triangular",0.034,-0.017897706577655,0.00546792640111878,-0.029912047007117,0.00133975761077561,-0.0286146453939635,-0.0071807677613465
0.08,"statutory","triangular",0.036,-0.0180007114648153,0.00534355462347824,-0.0299671928113905,0.000492321015867348,-0.0284738860762552,-0.0075275368533755
0.08,"statutory","triangular",0.038,-0.0179142984426012,0.00522949332892756,-0.0303475054013624,-0.00062241733324226,-0.0281639170246917,-0.0076646798605107
0.08,"statutory","triangular",0.04,-0.0178267259578634,0.00512383597906917,-0.0305493210025074,-0.00150887900082953,-0.0278692599395295,-0.00778419197619729
0.08,"statutory","triangular",0.042,-0.0177593024085069,0.00502740985365688,-0.0306197864121884,-0.00219512964888985,-0.0276128446571961,-0.0079057601598176
0.08,"statutory","triangular",0.044,-0.0177813823042467,0.00493845913607939,-0.0304879502938103,-0.00263103273282059,-0.0274605843500851,-0.00810218025840834
0.08,"statutory","triangular",0.046,-0.0178535203118044,0.00485606343663641,-0.030231713216327,-0.00290027235979452,-0.0273712297542536,-0.00833581086935524
0.08,"statutory","triangular",0.048,-0.018024304622544,0.00477795200313639,-0.0297851149899086,-0.00295956073904106,-0.0273889184685524,-0.0086596907765357
0.08,"statutory","triangular",0.05,-0.018307568574152,0.00470440858486954,-0.0291919731824039,-0.0028397926050853,-0.0275280399690574,-0.00908709717924668
0.08,"statutory","triangular",0.052,-0.0186190637773445,0.00463416237934101,-0.0286048998235939,-0.00270545335482947,-0.0277018551393633,-0.00953627241532566
0.08,"statutory","triangular",0.054,-0.0188247285879291,0.00456720031640946,-0.0282973193407979,-0.00282444420656133,-0.0277762767182716,-0.00987318045758661
0.08,"statutory","triangular",0.056,-0.0189698740528723,0.00450317815546047,-0.0281509746074894,-0.00307998932352218,-0.0277959410535424,-0.0101438070522023
0.08,"statutory","triangular",0.058,-0.0190546236497552,0.00444267447878849,-0.0281406193261624,-0.00343998659585641,-0.0277621056232158,-0.0103471416762945
0.08,"statutory","triangular",0.06,-0.0191814826238118,0.00438582336826871,-0.0280484595922197,-0.00368961747419029,-0.0277775384681726,-0.0105854267794509
0.08,"statutory","triangular",0.062,-0.0192915992439706,0.00433290658453097,-0.027995464426127,-0.00394926539580873,-0.0277839400980277,-0.0107992583899134
0.08,"statutory","triangular",0.064,-0.0194012370719072,0.00428334774007967,-0.0279389984114273,-0.0041861291090443,-0.0277964443757243,-0.01100602976809
0.08,"statutory","triangular",0.066,-0.0195615613534113,0.00423597634206748,-0.0277854187069069,-0.00431864489813739,-0.0278639224232273,-0.0112592002835953
0.08,"statutory","triangular",0.068,-0.0196772297641231,0.00419113082194844,-0.0277230239846696,-0.00452895711536841,-0.0278916952296378,-0.0114627642986084
0.15,"statutory","rectangular",0.01,-0.00584059744454257,0.00747436528496312,-0.0218418561190456,0.0243787439888875,-0.0204900842103668,0.00880888932128161
0.15,"statutory","rectangular",0.012,-0.00483118652148551,0.00680647839817966,-0.022017950647857,0.0195773826855859,-0.0181716390434675,0.00850926600049651
0.15,"statutory","rectangular",0.014,-0.00493185865401297,0.0062746174471123,-0.0209834491330151,0.0170227189041204,-0.0172298828671197,0.0073661655590938
0.15,"statutory","rectangular",0.016,-0.00765907547029226,0.00584877380328234,-0.0177790415644247,0.0174912759489993,-0.019122461478447,0.00380431053786248
0.15,"statutory","rectangular",0.018,-0.00934858810129757,0.00551566708362596,-0.0173024913829989,0.0158004621517039,-0.0201590969359175,0.00146192073332238
0.15,"statutory","rectangular",0.02,-0.0103546413765409,0.00522471165471793,-0.0179345248932012,0.0133217533870685,-0.0205948880493947,-0.000114394703687038
0.15,"statutory","rectangular",0.022,-0.00834250422003097,0.00494788977936409,-0.0226870214603587,0.00684763744087503,-0.0180401899870584,0.00135518154699649
0.15,"statutory","rectangular",0.024,-0.00698275226633749,0.00473921773013296,-0.0235786818550407,0.00460646820715326,-0.0162714483322918,0.00230594379961679
0.15,"statutory","rectangular",0.026,-0.00662443290578846,0.00455730504133514,-0.0229038294789125,0.00413172450505994,-0.0155565866533682,0.00230772084179125
0.15,"statutory","rectangular",0.028,-0.00621748665886479,0.00439982160095103,-0.0226388262848409,0.00341902230475281,-0.0148409785351302,0.00240600521740059
0.15,"statutory","rectangular",0.03,-0.00738743907997508,0.00425798403706091,-0.0202200857990945,0.0049508510259598,-0.0157329344393609,0.000958056279410768
0.15,"statutory","rectangular",0.032,-0.00722300020628813,0.00412239130921618,-0.0197753471649962,0.00456840201839212,-0.0153027387025328,0.000856738289956494
0.15,"statutory","rectangular",0.034,-0.007329664873853,0.0040005606076172,-0.0191437243002247,0.00447162436248812,-0.0151706195827524,0.000511289835046374
0.15,"statutory","rectangular",0.036,-0.00769239695413065,0.0039016352875589,-0.0184835755347285,0.00452399033024557,-0.0153394615985567,-4.5332309704639e-05
0.15,"statutory","rectangular",0.038,-0.00859209054780818,0.00382251720914249,-0.0169801099202174,0.00552430795068862,-0.016084086608012,-0.00110009448760435
0.15,"statutory","rectangular",0.04,-0.00830327954548221,0.00372792497168453,-0.017369847702557,0.0045570090931471,-0.0156098782270514,-0.000996680863913042
0.15,"statutory","rectangular",0.042,-0.00765118410315768,0.00364595469646862,-0.0183051464280938,0.00311536055670618,-0.0147971239975008,-0.000505244208814514
0.15,"statutory","rectangular",0.044,-0.00812549166750909,0.00356370221190022,-0.0173298914909022,0.00358803607868139,-0.0151102196544592,-0.00114076368055893
0.15,"statutory","rectangular",0.046,-0.00887423320896202,0.00349166690993978,-0.0162962069173882,0.00418281644730536,-0.0157177745984542,-0.0020306918194698
0.15,"statutory","rectangular",0.048,-0.00852759709552803,0.00342399202239022,-0.0168128917264405,0.00325244889678912,-0.0152384981427653,-0.00181669604829073
0.15,"statutory","rectangular",0.05,-0.00753413026322525,0.00336144183023882,-0.0182232423623526,0.00145705454256641,-0.0141224351866197,-0.000945825339830762
0.15,"statutory","rectangular",0.052,-0.00799971306574199,0.00330252316988486,-0.0172697362543539,0.00204120584250221,-0.0144725395368254,-0.00152688659465861
0.15,"statutory","rectangular",0.054,-0.00873508600416278,0.00324329672281395,-0.0163204662218169,0.00261578804413275,-0.0150918307720549,-0.00237834123627067
0.15,"statutory","rectangular",0.056,-0.00862399596351421,0.00319006855684973,-0.0164906015636038,0.00210571913896483,-0.0148764154431533,-0.00237157648387508
0.15,"statutory","rectangular",0.058,-0.00778543938600512,0.00314089261689562,-0.0176091301252853,0.000676805210588619,-0.0139414757944283,-0.00162940297758194
0.15,"statutory","rectangular",0.06,-0.00693115358138624,0.00309142479100565,-0.0185698197944229,-0.00059053570718195,-0.0129902348326716,-0.00087207233010091
0.15,"statutory","rectangular",0.062,-0.00629109268015171,0.00305030589808351,-0.019120997895428,-0.00139729722860421,-0.0122695823822255,-0.000312602978077937
0.15,"statutory","rectangular",0.064,-0.00672928554465257,0.00300926509615044,-0.0179994907332142,-0.000532453910938075,-0.0126273367530409,-0.000831234336264243
0.15,"statutory","rectangular",0.066,-0.00623176159394701,0.00297233474228608,-0.0183985257333005,-0.00116395212111099,-0.0120574306388249,-0.000406092549069141
0.15,"statutory","rectangular",0.068,-0.00630197011242328,0.00293744996415163,-0.0179487248130267,-0.000936993082184255,-0.012059266248549,-0.000544673976297609
0.15,"statutory","triangular",0.01,-0.00299463769030389,0.00837584663066217,-0.0289825676086954,0.0224445987926715,-0.0194109954264329,0.0134217200458251
0.15,"statutory","triangular",0.012,-0.00339250302471264,0.00757529421472589,-0.0254930383360658,0.020199310624769,-0.01823980685787,0.0114548008084447
0.15,"statutory","triangular",0.014,-0.00375623156828719,0.00697958964986031,-0.0235410735472767,0.018104953718513,-0.0174359759088819,0.00992351277230754
0.15,"statutory","triangular",0.016,-0.00464467103005006,0.00650244979335254,-0.0208791398511977,0.0176077174036057,-0.017389238436301,0.00809989637620083
0.15,"statutory","triangular",0.018,-0.00589625787058992,0.00611174594067861,-0.0188869121831278,0.0171101101860133,-0.0178750597969789,0.00608254405579903
0.15,"statutory","triangular",0.02,-0.00712863925778548,0.00578637650622965,-0.0175882705698432,0.0163743612788208,-0.0184697288109843,0.00421245029541334
0.15,"statutory","triangular",0.022,-0.00800121429910769,0.00550970675771366,-0.0174008434204528,0.0148436363840483,-0.0188000411096034,0.00279761251138804
0.15,"statutory","triangular",0.024,-0.00797732586464525,0.00527163442165198,-0.018733640122279,0.012032717706169,-0.0183095394707448,0.00235488774145427
0.15,"statutory","triangular",0.026,-0.0077267139534177,0.0050649012496856,-0.0197270563699184,0.00975713896772798,-0.0176537379880534,0.00220031008121799
0.15,"statutory","triangular",0.028,-0.00752931267090851,0.00488051799870811,-0.0201439452568403,0.00819814499761375,-0.0170949521742759,0.00203632683245888
0.15,"statutory","triangular",0.03,-0.00735127766693025,0.00471439345428864,-0.0203160342498392,0.0070070754088156,-0.0165913190462874,0.00188876371242686
0.15,"statutory","triangular",0.032,-0.00732882512459102,0.00456564283304948,-0.02008028456404,0.00634251458186605,-0.0162773206436414,0.00161967039445939
0.15,"statutory","triangular",0.034,-0.00731769631746726,0.00443088761885559,-0.0197601068018663,0.0058500163315133,-0.0160020764699687,0.00136668383503414
0.15,"statutory","triangular",0.036,-0.00732773019536445,0.00430771420144793,-0.0194178508475997,0.00545178417803579,-0.0157706948858941,0.00111523449516521
0.15,"statutory","triangular",0.038,-0.00745286976860898,0.00419545580108727,-0.0189173062394717,0.00528048643225594,-0.0156758120374697,0.000770072500251708
0.15,"statutory","triangular",0.04,-0.00754715270910142,0.00409129912425891,-0.0185530282275913,0.00502068930326096,-0.0155659516426291,0.000471646224426307
0.15,"statutory","triangular",0.042,-0.00763825009097283,0.00399542650141408,-0.0182507249002298,0.00475262015831996,-0.0154691421366213,0.000192641954675632
0.15,"statutory","triangular",0.044,-0.00762606700224414,0.00390695190014339,-0.0181398079440027,0.00433780597034642,-0.0152835520158555,3.14180113672336e-05
0.15,"statutory","triangular",0.046,-0.00775266151201653,0.00382505808919606,-0.017761296994639,0.00422958521481508,-0.0152496376056144,-0.000255685418418658
0.15,"statutory","triangular",0.048,-0.00783230526282386,0.00374881835292672,-0.0175194288317442,0.00401615934858255,-0.015179854219143,-0.000484756306504716
0.15,"statutory","triangular",0.05,-0.00787070944237686,0.00367763751752701,-0.0173802966852816,0.00372876382969361,-0.0150787465249231,-0.000662672359830634
0.15,"statutory","triangular",0.052,-0.00784845051594543,0.00361142786687181,-0.017353593170488,0.00335870880231892,-0.0149267190677785,-0.00077018196411237
0.15,"statutory","triangular",0.054,-0.00791963367955817,0.0035495249042386,-0.0171377885040265,0.00320196701850053,-0.0148765746540938,-0.000962692705022526
0.15,"statutory","triangular",0.056,-0.00801894674540643,0.00349187499622609,-0.0168906545133335,0.00310148416072275,-0.0148628959765255,-0.00117499751428736
0.15,"statutory","triangular",0.058,-0.00804785682919198,0.00343795083613551,-0.0167974666916085,0.00286769474553142,-0.0147861166486369,-0.00130959700974703
0.15,"statutory","triangular",0.06,-0.00801336603343908,0.00338725197165499,-0.0168172791876721,0.00253817419550263,-0.0146522579044452,-0.001374474162433
0.15,"statutory","triangular",0.062,-0.00789744232180617,0.00333914790641907,-0.0169737013877694,0.0020851083187619,-0.0144420519574399,-0.00135283268617248
0.15,"statutory","triangular",0.064,-0.00776903711970467,0.00329365546773288,-0.0171134051918703,0.00166413456261518,-0.0142244832139445,-0.00131359102546479
0.15,"statutory","triangular",0.066,-0.00767916570697696,0.00325057839422731,-0.0171467818178211,0.00136430763023528,-0.0140501822885865,-0.00130814912536739
0.15,"statutory","triangular",0.068,-0.00757713427640008,0.0032099380436956,-0.0171856995261511,0.00107428936392132,-0.0138684972346484,-0.00128577131815175
0.15,"strict","rectangular",0.01,-0.00925761674134129,0.00745098620228136,-0.0357330903390021,0.00937162686884869,-0.0238612813471176,0.00534604786443506
0.15,"strict","rectangular",0.012,-0.0117405555251066,0.00680116871534354,-0.0307916656534297,0.0101301012352233,-0.0250706012599604,0.00158949020974732
0.15,"strict","rectangular",0.014,-0.0110585146657522,0.00629039753764359,-0.0300558344631992,0.00761545969292347,-0.0233874672879731,0.00127043795646868
0.15,"strict","rectangular",0.016,-0.0133664558034441,0.00586539011622208,-0.025337520910214,0.00970844487902407,-0.0248624091865166,-0.00187050242037168
0.15,"strict","rectangular",0.018,-0.013718018620861,0.00552446270511842,-0.025476018792524,0.00747286948252067,-0.0245457665568279,-0.0028902706848942
0.15,"strict","rectangular",0.02,-0.0142257415511446,0.00522766475159904,-0.0248610773936305,0.00627278310873071,-0.0244717761875282,-0.00397970691476094
0.15,"strict","rectangular",0.022,-0.0136147432246467,0.00499921809255659,-0.0265248729542598,0.00316962913182766,-0.0234130306369186,-0.00381645581237473
0.15,"strict","rectangular",0.024,-0.0101094692079421,0.00479227546532206,-0.0304691163172145,-0.00208141243618563,-0.0195021565239683,-0.000716781891915973
0.15,"strict","rectangular",0.026,-0.00970840470626078,0.0046086863445481,-0.0291201504776385,-0.00187670265162174,-0.0187412639576166,-0.000675545454904943
0.15,"strict","rectangular",0.028,-0.0100739799849843,0.00444307639448988,-0.0269265020102195,-0.000700137653207327,-0.0187822496987446,-0.00136571027122409
0.15,"strict","rectangular",0.03,-0.010271712535755,0.00430221469297225,-0.0254601393778304,-0.000104023202819062,-0.0187038983877397,-0.00183952668377038
0.15,"strict","rectangular",0.032,-0.00936838920458632,0.00416618030042244,-0.0257822561269008,-0.00125332413935939,-0.0175339525465146,-0.00120282586265808
0.15,"strict","rectangular",0.034,-0.00958312769379255,0.00404129354910783,-0.024463280271864,-0.000674990963439495,-0.017503917500998,-0.00166233788658715
0.15,"strict","rectangular",0.036,-0.0103514601254777,0.0039381458158067,-0.0226990844219637,0.000469040379739888,-0.0180700840903259,-0.00263283616062943
0.15,"strict","rectangular",0.038,-0.0108558893431568,0.00383754645751844,-0.0216185386183828,0.000929971231734567,-0.0183773421888923,-0.00333443649742143
0.15,"strict","rectangular",0.04,-0.0108614087746628,0.00374662206875746,-0.0213219304615877,0.000675572842372003,-0.0182046530931104,-0.00351816445621522
0.15,"strict","rectangular",0.042,-0.00981096684906962,0.00366214226400531,-0.0225873064569769,-0.00110394426940803,-0.016988633792782,-0.00263329990535724
0.15,"strict","rectangular",0.044,-0.00993168652671927,0.00358042443554277,-0.0218297126279629,-0.000841320572275078,-0.0169491894697502,-0.0029141835836883
0.15,"strict","rectangular",0.046,-0.0104220358683291,0.00350473783366282,-0.0208230031054308,-0.000291419712106489,-0.0172911957975632,-0.00355287593909507
0.15,"strict","rectangular",0.048,-0.0103419686092987,0.00343895835169431,-0.020737529047407,-0.000604303796693233,-0.0170822031229528,-0.00360173409564462
0.15,"strict","rectangular",0.05,-0.00971024965888828,0.00337586341869446,-0.0213633714623095,-0.00161509727441888,-0.0163268203762557,-0.00309367894152088
0.15,"strict","rectangular",0.052,-0.0102116018166505,0.00332280061998568,-0.0202386538869111,-0.000822301471856537,-0.0167241713596298,-0.00369903227367124
0.15,"strict","rectangular",0.054,-0.0108571876978357,0.00326977419763167,-0.0190874440932125,-7.21757454359533e-06,-0.0172658273627722,-0.00444854803289929
0.15,"strict","rectangular",0.056,-0.0104507834290142,0.00321680215554511,-0.0195942786305821,-0.000851908676240283,-0.0167555997992734,-0.00414596705875495
0.15,"strict","rectangular",0.058,-0.00940327870642355,0.00316713519734448,-0.0209406591922739,-0.00251038382816273,-0.0156107496273879,-0.00319580778545921
0.15,"strict","rectangular",0.06,-0.00850311739397941,0.00311659820287326,-0.021848053709215,-0.00373081814673423,-0.0146115376258932,-0.00239469716206557
0.15,"strict","rectangular",0.062,-0.00779568502593531,0.0030749295533875,-0.022368087519744,-0.00450608349900496,-0.0138224362055726,-0.00176893384629797
0.15,"strict","rectangular",0.064,-0.00792134279795564,0.0030336939585613,-0.0215418066990007,-0.00393524622995337,-0.0138672736968525,-0.00197541189905875
0.15,"strict","rectangular",0.066,-0.00759010973421564,0.00299528239826244,-0.0215452788821979,-0.00417855293986867,-0.0134607553583368,-0.00171946411009451
0.15,"strict","rectangular",0.068,-0.00790122269437266,0.00296009941678006,-0.0205556541033686,-0.00341131714416817,-0.0137029109419196,-0.00209953444682573
0.15,"strict","triangular",0.01,-0.0107487902664706,0.00822197985160053,-0.0305502509830213,0.0178012912692806,-0.0268635746572216,0.00536599412428041
0.15,"strict","triangular",0.012,-0.0112154929500659,0.00748341221036566,-0.0298243018133525,0.0140025761149226,-0.0258827113638498,0.00345172546371811
0.15,"strict","triangular",0.014,-0.0111238695658008,0.00691771420788122,-0.0297506884878569,0.0106419642176281,-0.024682340268589,0.00243460113698744
0.15,"strict","triangular",0.016,-0.011185482949217,0.00646131353684653,-0.0287646724180229,0.00886440750803878,-0.0238494247742573,0.00147845887582327
0.15,"strict","triangular",0.018,-0.0118483598159598,0.00608182749006549,-0.0271479880406024,0.0082176910384036,-0.0237685226566738,7.18030247542235e-05
0.15,"strict","triangular",0.02,-0.0122863483767494,0.00576373804798851,-0.0263703152354826,0.00711874869377663,-0.0235830673671301,-0.000989629386368774
0.15,"strict","triangular",0.022,-0.0128508229353204,0.00549318850996709,-0.0255745856771085,0.00631698716415957,-0.0236172745751452,-0.00208437129549567
0.15,"strict","triangular",0.024,-0.0125456082959046,0.00525994884325313,-0.0263590934048582,0.00414305635666198,-0.0228549185892038,-0.00223629800260531
0.15,"strict","triangular",0.026,-0.0120062218516781,0.00505690336348959,-0.0269946802416851,0.00228879536490562,-0.0219175703174172,-0.00209487338593904
0.15,"strict","triangular",0.028,-0.0115643444692385,0.00487514346777405,-0.0270559006369852,0.00112804676046617,-0.0211194500855413,-0.00200923885293564
0.15,"strict","triangular",0.03,-0.011275398053872,0.00471129835426649,-0.0266882440535552,0.000511378160025196,-0.0205093731486571,-0.00204142295908687
0.15,"strict","triangular",0.032,-0.0110218142795865,0.00456470253362679,-0.0262639527883777,6.45508938462644e-05,-0.0199684668456338,-0.0020751617135393
0.15,"strict","triangular",0.034,-0.0107704901684898,0.00443150137361149,-0.0258373690741813,-0.000301779654442497,-0.0194560732582081,-0.00208490707877147
0.15,"strict","triangular",0.036,-0.0106611940997293,0.00431020973466583,-0.0251856387944588,-0.000369475764171614,-0.0191090499454883,-0.00221333825397039
0.15,"strict","triangular",0.038,-0.0106595282754746,0.00419934599626034,-0.0244390428999956,-0.000280203558780215,-0.0188900951867674,-0.00242896136418188
0.15,"strict","triangular",0.04,-0.0106572993704851,0.00409642336107975,-0.023810750986168,-0.000264235532569627,-0.0186861416236299,-0.0026284571173403
0.15,"strict","triangular",0.042,-0.0106309312587034,0.00400175626975913,-0.0233280713376842,-0.000340594617473036,-0.0184742294223387,-0.00278763309506818
0.15,"strict","triangular",0.044,-0.010493312173471,0.00391397636244931,-0.0230932283155186,-0.000625304512993695,-0.0181645648802127,-0.00282205946672923
0.15,"strict","triangular",0.046,-0.0104753322543436,0.00383271589717703,-0.0226549893115714,-0.000667325241756864,-0.0179873173757847,-0.00296334713290253
0.15,"strict","triangular",0.048,-0.010473118047966,0.00375705868756301,-0.022247110228032,-0.000708150040542612,-0.0178368177633929,-0.0031094183325392
0.15,"strict","triangular",0.05,-0.0104145843530936,0.00368650623109614,-0.021992768383579,-0.000872878273018667,-0.0176400037948245,-0.00318916491136269
0.15,"strict","triangular",0.052,-0.0103439791461291,0.00362075943768909,-0.0217720440527469,-0.00104306970655667,-0.0174405372406833,-0.00324742105157502
0.15,"strict","triangular",0.054,-0.0103502915879228,0.00355934661061501,-0.021417787430415,-0.00105520055281895,-0.0173264827532229,-0.00337410042262267
0.15,"strict","triangular",0.056,-0.0103657819644711,0.00350206611463225,-0.0210909244627196,-0.0010710391799963,-0.0172297054206284,-0.00350185850831374
0.15,"strict","triangular",0.058,-0.0103165671987378,0.00344849662827895,-0.0209261868213321,-0.00122860718369139,-0.0170754963909723,-0.00355763800650323
0.15,"strict","triangular",0.06,-0.0101847042148798,0.00339799527170683,-0.0209281390818465,-0.00153741145673764,-0.0168446525670626,-0.00352475586269702
0.15,"strict","triangular",0.062,-0.0100088886223229,0.00335014577976576,-0.0209967969204984,-0.00189914630722276,-0.0165750536936226,-0.00344272355102311
0.15,"strict","triangular",0.064,-0.00981762048361878,0.00330472750103234,-0.0210619624684104,-0.00224392152072237,-0.0162947673643612,-0.00334047360287634
0.15,"strict","triangular",0.066,-0.00966169414707096,0.00326173119769563,-0.0210345543444478,-0.00248101422906798,-0.0160545698218051,-0.00326881847233684
0.15,"strict","triangular",0.068,-0.00950741345801681,0.0032211392116882,-0.0209926188566346,-0.00268841724395899,-0.0158207303021154,-0.0031940966139182
