"threshold","coding","period","estimator","est","se","ci_lo","ci_hi","n"
0.08,"statutory","1999-2003","A0",-0.0259681077087145,0.00615368088570175,-0.0380293222446899,-0.0139068931727391,48065
0.08,"statutory","1999-2003","A1",-0.0163028916307686,0.00861614991976282,-0.0341592610509694,0.00644930094074437,27974
0.08,"statutory","2004-2007","A0",-0.0181268092714327,0.00467231926264259,-0.0272845550262122,-0.00896906351665326,45834
0.08,"statutory","2004-2007","A1",-0.0182485012408712,0.00808339616894584,-0.0383836204468038,0.000201597383129221,27429
0.08,"statutory","era_diff_1999-2003_vs_2004-2007","A0_diff",-0.00784129843728176,0.00772647110491666,NA,NA,NA
0.08,"statutory","1999","A0_year",-0.0102733473328694,0.0155545396108814,-0.040760244970197,0.0202135503044581,8832
0.08,"statutory","2000","A0_year",-0.0482757947883206,0.0138310000952079,-0.075384554974928,-0.0211670346017131,7541
0.08,"statutory","2001","A0_year",-0.0337606429049678,0.0168757867077715,-0.0668371848521999,-0.000684100957735759,8983
0.08,"statutory","2002","A0_year",-0.0218218743815177,0.0129158152779301,-0.0471368723262608,0.00349312356322534,10762
0.08,"statutory","2003","A0_year",-0.021146881507964,0.0108361226288294,-0.0423856818604696,9.19188445417281e-05,11947
0.08,"statutory","2004","A0_year",-0.0186100314407284,0.011741062906395,-0.0416225147372625,0.00440245185580575,12158
0.08,"statutory","2005","A0_year",-0.0254362595323877,0.0137744737006284,-0.0524342279856193,0.00156170892084389,10935
0.08,"statutory","2006","A0_year",-0.00635315671692549,0.00880612317273951,-0.0236131581354949,0.010906844701644,11188
0.08,"statutory","2007","A0_year",-0.0243595302311792,0.00976998992180763,-0.0435087104779222,-0.00521034998443625,11553
0.15,"statutory","1999-2003","A0",-0.0103936411706081,0.00486813170354638,-0.019935179309559,-0.000852103031657156,74130
0.15,"statutory","1999-2003","A1",-0.00708245253438239,0.00674622862915031,-0.022781046577693,0.00917482904460744,46492
0.15,"statutory","2004-2007","A0",-0.0039924948224368,0.00488843201449416,-0.0135738215708453,0.00558883192597175,64903
0.15,"statutory","2004-2007","A1",-0.00767460894637834,0.00636630842260186,-0.0231066739041471,0.00693665974491476,44183
0.15,"statutory","era_diff_1999-2003_vs_2004-2007","A0_diff",-0.00640114634817126,0.00689894729965411,NA,NA,NA
0.15,"statutory","1999","A0_year",-0.0180345493002781,0.00957218195449965,-0.0367960259310974,0.000726927330541177,14531
0.15,"statutory","2000","A0_year",-0.00758249034080262,0.00996860263074897,-0.0271209514970706,0.0119559708154654,12118
0.15,"statutory","2001","A0_year",0.00414472290830895,0.0111855974962773,-0.0177790481843946,0.0260684940010125,14243
0.15,"statutory","2002","A0_year",-0.00828242839563169,0.0118338309098231,-0.031476736978885,0.0149118801876216,15886
0.15,"statutory","2003","A0_year",-0.0200049197140607,0.00980044085251217,-0.0392137837849845,-0.000796055643136829,17352
0.15,"statutory","2004","A0_year",0.011683779608027,0.00864104697343127,-0.00525267245989831,0.0286202316759523,17097
0.15,"statutory","2005","A0_year",-0.0100164536099985,0.00781524872162666,-0.0253343411043868,0.00530143388438972,15988
0.15,"statutory","2006","A0_year",-0.00321826252746116,0.00987943493593332,-0.0225819550018905,0.0161454299469682,15799
0.15,"statutory","2007","A0_year",-0.0147878579203828,0.0103030202432402,-0.0349817775971336,0.00540606175636799,16019
