threshold,coding,estimator,h,M,estimate,se,ci_low,ci_high,ci_width,mass_points_left,mass_points_right,N_left,N_right,verdict_row
0.08,statutory,A0_paper_bw05,0.05,,-0.0221447265577093,0.0041066032494045,-0.0301936689265422,-0.0140957841888764,0.0160978847376658,,,,,bandwidth_dependent
0.08,statutory,A1_RBC,0.0278157965069331,,-0.0172599852290747,0.0059474084152067,-0.030703175675963,-0.0022630891302594,0.0284400865457035,27.0,28.0,16201.0,37364.0,bandwidth_dependent
0.08,statutory,A2_honest,0.0179833206252978,120.1016335032,-0.0150206123905769,0.0072590470919856,-0.03099762512405,0.0009564003428961,0.0319540254669462,,,,,bandwidth_dependent
0.15,statutory,A0_paper_bw05,0.05,,-0.0073018358464444,0.0034588618646759,-0.0140812051012093,-0.0005224665916795,0.0135587385095297,,,,,bandwidth_dependent
0.15,statutory,A1_RBC,0.0288105197065378,,-0.0074125816974315,0.0048092043614667,-0.0184782923626234,0.0042642705917371,0.0227425629543606,28.0,29.0,45138.0,39087.0,bandwidth_dependent
0.15,statutory,A2_honest,0.0185604021169456,86.1109415512723,-0.0062557998784829,0.0060051283678381,-0.019331249556729,0.0068196497997631,0.0261508993564922,,,,,bandwidth_dependent
0.15,strict,A0_paper_bw05,0.05,,-0.009019358319727,0.0034055330804289,-0.0156942031573678,-0.0023445134820863,0.0133496896752815,,,,,bandwidth_dependent
0.15,strict,A1_RBC,0.0303814478397506,,-0.0112384082903808,0.0046836206016228,-0.0227658077484266,-0.0006702877519166,0.02209551999651,30.0,30.0,48284.0,39786.0,bandwidth_dependent
0.15,strict,A2_honest,0.0188196407447342,83.3503804821493,-0.0120377696933632,0.0059461274780078,-0.0250036588751087,0.0009281194883823,0.0259317783634911,,,,,bandwidth_dependent
