"series","digit","count","chisq","p"
"FL_sample1",0,24628,15904.4878649495,0
"FL_sample1",1,10324,15904.4878649495,0
"FL_sample1",2,10051,15904.4878649495,0
"FL_sample1",3,10355,15904.4878649495,0
"FL_sample1",4,10232,15904.4878649495,0
"FL_sample1",5,10279,15904.4878649495,0
"FL_sample1",6,10225,15904.4878649495,0
"FL_sample1",7,10403,15904.4878649495,0
"FL_sample1",8,10245,15904.4878649495,0
"FL_sample1",9,10192,15904.4878649495,0
"FL_sample2",0,24603,15843.2398104914,0
"FL_sample2",1,10322,15843.2398104914,0
"FL_sample2",2,10162,15843.2398104914,0
"FL_sample2",3,10138,15843.2398104914,0
"FL_sample2",4,10163,15843.2398104914,0
"FL_sample2",5,10195,15843.2398104914,0
"FL_sample2",6,10264,15843.2398104914,0
"FL_sample2",7,10443,15843.2398104914,0
"FL_sample2",8,10284,15843.2398104914,0
"FL_sample2",9,10360,15843.2398104914,0
"WA_lowscore",0,22715,112.490217097475,4.57182342366115e-20
"WA_lowscore",1,21623,112.490217097475,4.57182342366115e-20
"WA_lowscore",2,21445,112.490217097475,4.57182342366115e-20
"WA_lowscore",3,21668,112.490217097475,4.57182342366115e-20
"WA_lowscore",4,21116,112.490217097475,4.57182342366115e-20
"WA_lowscore",5,21160,112.490217097475,4.57182342366115e-20
"WA_lowscore",6,20930,112.490217097475,4.57182342366115e-20
"WA_lowscore",7,20985,112.490217097475,4.57182342366115e-20
"WA_lowscore",8,21622,112.490217097475,4.57182342366115e-20
"WA_lowscore",9,21294,112.490217097475,4.57182342366115e-20
