"threshold","coding","variant","estimator","est","se","ci_lo","ci_hi","h"
0.08,"statutory","A0_bw05_controls","A0",-0.0221447265577093,0.00410660324940455,-0.0301936689265422,-0.0140957841888764,0.05
0.08,"statutory","A0_bw05_nocontrols","A0",-0.0218452853146839,0.00417470873884165,-0.0300277144428135,-0.0136628561865543,0.05
0.08,"statutory","A1_nodonut","A1",-0.0172599852290747,0.0059474084152067,-0.030703175675963,-0.00226308913025949,0.0278157965069331
0.08,"statutory","A1_donut_d0","A1",-0.0173677613613936,0.00611909448181487,-0.0314464403805873,-0.0019891660003604,0.0275089976429207
0.08,"statutory","A1_donut_d1","A1",-0.0179821618152036,0.00647402303549926,-0.0320574788442453,-0.000977332398021962,0.0301097710999074
0.08,"statutory","A1_donut_d2","A1",-0.0193578181006613,0.00798435028620959,-0.039268114165082,0.00102888194835553,0.0246257602274885
0.08,"statutory","A1_donut_d3","A1",-0.0198750225189295,0.00846549612749099,-0.0402038557728293,0.00226300245265484,0.0268354048001773
0.08,"statutory","A1_donut_d5","A1",-0.0359036535094766,0.0197941212407806,-0.0903921177296904,0.00983612961265427,0.0160006405872042
0.08,"strict","A0_bw05_controls","A0",-0.0197156585978889,0.0043607173885189,-0.028262664679386,-0.0111686525163919,0.05
0.08,"strict","A0_bw05_nocontrols","A0",-0.0193712692252066,0.00442207254928934,-0.0280385314218137,-0.0107040070285995,0.05
0.08,"strict","A1_nodonut","A1",-0.0110682908724629,0.0063290193454971,-0.0232864790641693,0.00624879767861518,0.0218063451415085
0.08,"strict","A1_donut_d0","A1",-0.0166893524598807,0.00627300317364191,-0.0309902118446215,-0.000576383915930241,0.0269183893059419
0.08,"strict","A1_donut_d1","A1",-0.0175403097807646,0.00661636954888246,-0.0321560395341179,-0.000143804965780283,0.0297403011755465
0.08,"strict","A1_donut_d2","A1",-0.01834121824615,0.00824589825901906,-0.0387357941455205,0.00321087497343838,0.0241274456549083
0.08,"strict","A1_donut_d3","A1",-0.0193002748292825,0.00870184195306835,-0.0403390784265408,0.00354126049859408,0.0265343206153789
0.08,"strict","A1_donut_d5","A1",-0.0363524934369621,0.0207790096418096,-0.0934819163250162,0.0125021212285873,0.0158409456009543
