"series","digit","count","share_pct","n","chisq","p"
"FL_sample1_inclzero",0,24304,21.086,115262,15746.56,0
"FL_sample1_inclzero",1,10169,8.823,115262,15746.56,0
"FL_sample1_inclzero",2,9903,8.592,115262,15746.56,0
"FL_sample1_inclzero",3,10235,8.88,115262,15746.56,0
"FL_sample1_inclzero",4,10065,8.732,115262,15746.56,0
"FL_sample1_inclzero",5,10117,8.777,115262,15746.56,0
"FL_sample1_inclzero",6,10086,8.75,115262,15746.56,0
"FL_sample1_inclzero",7,10238,8.882,115262,15746.56,0
"FL_sample1_inclzero",8,10092,8.756,115262,15746.56,0
"FL_sample1_inclzero",9,10053,8.722,115262,15746.56,0
"FL_sample1_exclzero",0,10385,10.247,101343,15.22,0.08497
"FL_sample1_exclzero",1,10169,10.034,101343,15.22,0.08497
"FL_sample1_exclzero",2,9903,9.772,101343,15.22,0.08497
"FL_sample1_exclzero",3,10235,10.099,101343,15.22,0.08497
"FL_sample1_exclzero",4,10065,9.932,101343,15.22,0.08497
"FL_sample1_exclzero",5,10117,9.983,101343,15.22,0.08497
"FL_sample1_exclzero",6,10086,9.952,101343,15.22,0.08497
"FL_sample1_exclzero",7,10238,10.102,101343,15.22,0.08497
"FL_sample1_exclzero",8,10092,9.958,101343,15.22,0.08497
"FL_sample1_exclzero",9,10053,9.92,101343,15.22,0.08497
"FL_sample2_inclzero",0,24294,21.077,115262,15721.39,0
"FL_sample2_inclzero",1,10174,8.827,115262,15721.39,0
"FL_sample2_inclzero",2,10028,8.7,115262,15721.39,0
"FL_sample2_inclzero",3,10000,8.676,115262,15721.39,0
"FL_sample2_inclzero",4,10009,8.684,115262,15721.39,0
"FL_sample2_inclzero",5,10026,8.698,115262,15721.39,0
"FL_sample2_inclzero",6,10124,8.783,115262,15721.39,0
"FL_sample2_inclzero",7,10284,8.922,115262,15721.39,0
"FL_sample2_inclzero",8,10128,8.787,115262,15721.39,0
"FL_sample2_inclzero",9,10195,8.845,115262,15721.39,0
"FL_sample2_exclzero",0,10260,10.136,101228,9.79,0.3681
"FL_sample2_exclzero",1,10174,10.051,101228,9.79,0.3681
"FL_sample2_exclzero",2,10028,9.906,101228,9.79,0.3681
"FL_sample2_exclzero",3,10000,9.879,101228,9.79,0.3681
"FL_sample2_exclzero",4,10009,9.888,101228,9.79,0.3681
"FL_sample2_exclzero",5,10026,9.904,101228,9.79,0.3681
"FL_sample2_exclzero",6,10124,10.001,101228,9.79,0.3681
"FL_sample2_exclzero",7,10284,10.159,101228,9.79,0.3681
"FL_sample2_exclzero",8,10128,10.005,101228,9.79,0.3681
"FL_sample2_exclzero",9,10195,10.071,101228,9.79,0.3681
"WA_lowscore",0,22715,10.587,214558,112.49,4.572e-20
"WA_lowscore",1,21623,10.078,214558,112.49,4.572e-20
"WA_lowscore",2,21445,9.995,214558,112.49,4.572e-20
"WA_lowscore",3,21668,10.099,214558,112.49,4.572e-20
"WA_lowscore",4,21116,9.842,214558,112.49,4.572e-20
"WA_lowscore",5,21160,9.862,214558,112.49,4.572e-20
"WA_lowscore",6,20930,9.755,214558,112.49,4.572e-20
"WA_lowscore",7,20985,9.781,214558,112.49,4.572e-20
"WA_lowscore",8,21622,10.077,214558,112.49,4.572e-20
"WA_lowscore",9,21294,9.925,214558,112.49,4.572e-20
